,City,Cloudiness,Country,Date,Humidity,Lat,Lng,Max Temp,Wind Speed
0,Newtonmore,75,GB,1553666419,81,57.07,-4.12,10.56,5.1
1,Georgetown,0,GY,1553594035,94,6.8,-58.16,22.0,2.1
2,Ushuaia,75,AR,1553683640,81,-54.81,-68.31,10.0,7.27
3,Mlyniv,88,UA,1553659547,91,50.51,25.61,1.11,6.26
4,Nanortalik,24,GL,1553676114,100,60.14,-45.24,-4.06,8.17
5,Hithadhoo,36,MV,1553648994,100,-0.6,73.08,28.0,1.82
6,Port Elizabeth,1,US,1553597647,80,39.31,-74.98,4.44,3.12
7,Chokurdakh,20,RU,1553629037,74,70.62,147.9,-17.71,7.82
8,Egvekinot,76,RU,1553707743,87,66.32,-179.17,-2.71,6.82
9,Busselton,0,AU,1553639183,30,-33.64,115.35,26.11,7.02
10,Longyearbyen,68,NO,1553659101,76,78.22,15.63,-12.01,1.82
11,Vaini,40,IN,1553648484,83,15.34,74.49,25.0,2.6
12,Shache,48,CN,1553647477,42,38.42,77.24,9.0,1.82
13,Comodoro Rivadavia,0,AR,1553683262,71,-45.87,-67.48,14.0,6.57
14,Vila Velha,40,BR,1553675824,94,-3.71,-38.6,26.11,1.0
15,Saskylakh,80,RU,1553636948,87,71.97,114.09,-5.46,2.92
16,Vardo,1,US,1553598303,58,39.62,-77.74,1.67,1.32
17,San Patricio,92,PY,1553594018,53,-26.98,-56.83,20.2,2.62
18,Bredasdorp,80,ZA,1553662080,77,-34.53,20.04,18.33,3.6
19,Port Alfred,12,ZA,1553660423,96,-33.59,26.89,18.25,4.47
20,Sao Filipe,48,CV,1553672235,100,14.9,-24.5,20.5,4.97
21,Rikitea,32,PF,1553612741,96,-23.12,-134.97,26.85,6.37
22,Hirara,20,JP,1553636182,60,24.8,125.28,25.0,5.7
23,Lompoc,40,US,1553608634,93,34.64,-120.46,14.0,1.5
24,Albany,1,US,1553597286,36,42.65,-73.75,0.0,3.1
25,Lobatse,0,BW,1553660619,72,-25.21,25.68,20.0,7.2
26,Nakonde,92,ZM,1553658759,96,-9.33,32.75,17.8,1.47
27,Carauari,12,BR,1553596239,86,-4.88,-66.9,26.7,2.07
28,Hermanus,32,ZA,1553662270,77,-34.42,19.24,18.33,2.68
29,Castro,0,CL,1553684716,76,-42.48,-73.76,10.0,3.1
30,Khatanga,92,RU,1553639725,96,71.98,102.47,-2.16,5.97
31,Mataura,68,NZ,1553626494,65,-46.19,168.86,14.44,8.94
32,Poum,88,MK,1553660968,83,41.28,20.71,1.0,0.77
33,Nhulunbuy,75,AU,1553633820,66,-12.18,136.78,32.0,3.1
34,Nanakuli,90,US,1553617862,60,21.39,-158.15,27.0,4.1
35,Jalu,0,LY,1553660996,52,29.03,21.55,9.85,1.32
36,Chuy,100,UY,1553679718,96,-33.69,-53.46,17.9,4.87
37,Port Hardy,75,CA,1553609945,75,50.7,-127.42,8.0,2.1
38,Qaanaaq,48,GL,1553679629,73,77.48,-69.36,-24.36,5.52
39,Garwa,0,IN,1553646638,49,27.63,81.51,22.3,2.02
40,Broken Hill,0,AU,1553632897,26,-31.97,141.45,22.0,5.7
41,Kavaratti,0,IN,1553648982,100,10.57,72.64,28.6,2.92
42,Pangody,68,RU,1553647069,93,65.85,74.49,-0.66,8.87
43,Butaritari,48,KI,1553625033,100,3.07,172.79,28.95,8.27
44,Tuatapere,48,NZ,1553626774,65,-46.13,167.69,14.44,8.94
45,Puerto Carreno,48,CO,1553596279,73,6.19,-67.49,24.85,1.22
46,Smithers,75,CA,1553609750,64,54.78,-127.17,4.0,2.1
47,Ribeira Grande,12,PT,1553672873,99,38.52,-28.7,15.75,4.87
48,Tiksi,0,RU,1553633459,63,71.64,128.87,-15.91,1.87
49,Beloslav,0,BG,1553659249,75,43.19,27.7,7.0,1.5
50,Kapaa,90,US,1553618134,88,22.08,-159.32,20.0,4.6
51,Hobyo,48,SO,1553654823,86,5.35,48.53,27.1,5.62
52,Pacific Grove,75,US,1553608950,77,36.62,-121.92,16.67,4.1
53,Puerto Ayora,0,EC,1553601829,92,-0.74,-90.35,25.56,0.89
54,New Norfolk,0,AU,1553631682,22,-42.78,147.06,21.67,3.6
55,Tuktoyaktuk,90,CA,1553610254,92,69.44,-133.03,-6.0,6.2
56,Sobolevo,32,RU,1553657901,72,54.43,31.9,-7.41,3.02
57,Vestmannaeyjar,92,IS,1553669932,93,63.44,-20.27,5.6,11.87
58,Navirai,0,BR,1553593348,69,-23.07,-54.19,21.55,4.62
59,Tromso,90,NO,1553659994,100,69.65,18.96,-3.0,18.0
60,Hobart,0,AU,1553631618,22,-42.88,147.33,21.67,3.6
61,Pisco,0,PE,1553598548,83,-13.71,-76.2,21.0,2.6
62,Jamestown,0,AU,1553633595,78,-33.21,138.6,18.85,3.27
63,Bonavista,64,CA,1553678470,78,48.65,-53.11,-3.89,2.68
64,Yellowknife,90,CA,1553606332,73,62.45,-114.38,-3.0,4.1
65,Faya,0,SA,1553656132,87,18.39,42.45,15.0,4.6
66,Hilo,75,US,1553617146,60,19.71,-155.08,23.33,3.6
67,Yumen,24,CN,1553642692,49,40.29,97.04,8.2,11.72
68,Port Lincoln,56,AU,1553634270,87,-34.72,135.86,19.7,2.22
69,Katsuura,75,JP,1553633831,58,33.93,134.5,19.44,4.6
70,Ialibu,80,PG,1553632034,86,-6.28,143.99,18.0,0.97
71,Bayangol,0,MN,1553640310,39,48.91,106.09,-2.96,1.97
72,Bilma,0,NE,1553663211,21,18.69,12.92,15.7,3.12
73,Adrar,40,DZ,1553666251,82,27.87,-0.29,16.0,5.1
74,Siverek,75,TR,1553656581,100,37.75,39.32,6.11,2.6
75,Srednekolymsk,80,RU,1553627973,56,67.46,153.71,-14.46,5.52
76,Santa Maria,68,BR,1553679753,84,-29.69,-53.81,14.95,3.57
77,Pattoki,8,PK,1553648423,73,31.02,73.85,22.55,1.07
78,San Policarpo,80,PH,1553636281,98,12.18,125.51,26.4,5.87
79,Arraial do Cabo,24,BR,1553676847,98,-22.97,-42.02,24.8,2.12
80,East London,56,ZA,1553660172,100,-33.02,27.91,20.7,4.47
81,Taranagar,0,IN,1553648174,32,28.67,75.04,23.55,1.37
82,Kot Samaba,8,PK,1553649272,58,28.55,70.47,23.9,3.27
83,Norman Wells,20,CA,1553609129,51,65.28,-126.83,3.0,3.1
84,Pedasi,0,PA,1553599275,85,7.53,-80.03,24.85,9.37
85,Katiola,20,CI,1553667660,78,8.14,-5.1,24.35,1.92
86,Las Vegas,75,US,1553607335,18,36.17,-115.15,24.0,2.6
87,Mount Isa,90,AU,1553633252,88,-20.73,139.49,25.0,5.1
88,Saint Anthony,1,US,1553606348,42,43.97,-111.68,9.0,4.1
89,Vao,0,EE,1553659062,89,59.1,26.19,-5.66,3.12
90,Carnarvon,44,ZA,1553661535,64,-30.97,22.13,9.9,1.52
91,Gaoua,56,BF,1553667174,73,10.33,-3.18,25.05,3.42
92,Tasiilaq,64,GL,1553673928,57,65.61,-37.64,-5.0,3.1
93,Xining,20,CN,1553641631,39,36.62,101.77,5.0,1.67
94,Punta Arenas,40,CL,1553684227,62,-53.16,-70.91,11.0,7.7
95,Pitimbu,75,BR,1553674954,94,-7.47,-34.81,24.0,2.6
96,Dikson,76,RU,1553644730,94,73.51,80.55,-1.26,13.57
97,Zionsville,1,US,1553600339,92,39.95,-86.26,3.33,2.67
98,Avarua,56,CK,1553618678,79,-21.21,-159.78,29.0,1.5
99,Slavutych,92,UA,1553658280,80,51.52,30.76,-1.21,3.32
100,Codo,12,ID,1553639556,95,-8.13,112.72,27.7,1.42
101,Sioux Lookout,90,CA,1553601456,64,50.1,-91.92,3.0,3.1
102,Ajaccio,0,FR,1553663823,75,41.93,8.74,10.0,1.0
103,Fortuna,0,ES,1553666270,50,38.18,-1.13,14.0,3.1
104,Demmin,75,DE,1553662442,93,53.91,13.03,5.0,5.1
105,Lich,0,DE,1553663570,93,50.52,8.82,5.0,0.5
106,High Level,75,CA,1553607192,74,58.52,-117.13,3.0,1.0
107,Kurilsk,80,RU,1553630393,95,45.23,147.88,-1.56,10.82
108,Caravelas,8,BR,1553676131,100,-17.73,-39.27,27.8,4.82
109,Nadym,88,RU,1553647568,93,65.53,72.51,0.6,7.92
110,Cabo San Lucas,90,MX,1553606274,43,22.89,-109.91,23.0,3.6
111,Ilulissat,76,GL,1553676804,71,69.22,-51.1,-14.0,1.5
112,Bethel,75,US,1553617770,86,60.79,-161.76,4.0,7.7
113,Laguna,20,MX,1553606237,37,27.52,-110.01,23.15,1.42
114,Cherskiy,80,RU,1553626035,73,68.75,161.3,-11.36,6.37
115,Toora-Khem,0,RU,1553642589,49,52.47,96.11,-3.31,1.12
116,Inta,88,RU,1553650490,87,66.04,60.13,-1.11,4.32
117,Madang,24,PG,1553631587,90,-5.21,145.81,28.1,1.32
118,Komsomolskiy,80,RU,1553649486,95,67.55,63.78,-1.71,7.47
119,Lipin Bor,56,RU,1553656180,86,60.26,37.97,-6.86,1.77
120,Wadowice,0,PL,1553661033,80,49.88,19.49,0.56,2.6
121,Ishigaki,20,JP,1553636457,65,24.34,124.16,25.0,4.6
122,Torbay,90,CA,1553678408,67,47.66,-52.73,-3.89,2.6
123,Narsaq,36,GL,1553676264,57,60.91,-46.05,-8.0,12.9
124,Cabedelo,75,BR,1553674956,94,-6.97,-34.84,24.0,2.6
125,Cidreira,76,BR,1553678897,88,-30.17,-50.22,18.95,2.32
126,Mar del Plata,0,AR,1553683281,53,-46.43,-67.52,14.35,3.87
127,Lakatoro,88,VU,1553626503,91,-16.11,167.42,27.7,4.27
128,Presidencia Roque Saenz Pena,80,AR,1553681311,85,-26.79,-60.44,15.8,2.87
129,Grindavik,75,IS,1553670421,86,63.84,-22.43,6.11,11.3
130,Saldanha,0,PT,1553667500,35,41.42,-6.55,6.45,6.17
131,Barrow,0,AR,1553681405,91,-38.31,-60.23,8.45,3.62
132,Juneau,20,US,1553611343,40,58.3,-134.42,12.0,4.6
133,Seymchan,56,RU,1553628626,71,62.93,152.39,-12.31,7.27
134,Faanui,12,PF,1553616707,100,-16.48,-151.75,29.35,2.67
135,Mogadishu,12,SO,1553655623,96,2.04,45.34,28.55,7.07
136,Kuala Kangsar,75,MY,1553642255,70,4.77,100.94,32.0,2.1
137,Padang,75,ID,1553642452,88,-0.92,100.36,27.0,1.0
138,Emerald,90,AU,1553631198,55,-23.53,148.16,30.0,6.7
139,Severo-Kurilsk,88,RU,1553628268,96,50.68,156.12,-1.16,4.17
140,Sitamarhi,0,IN,1553645699,68,26.6,85.49,23.5,1.97
141,Iranshahr,0,IR,1553651637,59,27.21,60.69,19.0,4.1
142,Bambous Virieux,75,MU,1553652867,94,-20.34,57.76,26.67,4.32
143,Isiro,44,CD,1553659867,96,2.77,27.62,20.0,1.07
144,Cape Town,0,ZA,1553662461,82,-33.93,18.42,19.44,0.5
145,Clarence Town,75,AU,1553630423,47,-32.59,151.78,26.67,5.7
146,Pilar,0,AR,1553681037,72,-34.46,-58.91,17.0,3.1
147,Pedernales,64,EC,1553599350,90,0.07,-80.05,23.15,1.72
148,San Miguelito,40,HN,1553601001,60,13.74,-87.49,22.0,5.1
149,Santa Fe,0,AR,1553681431,73,-31.62,-60.7,18.33,1.79
150,Westport,80,IE,1553667849,74,53.8,-9.52,10.0,1.34
151,Aklavik,75,CA,1553610847,69,68.22,-135.01,3.0,2.1
152,Ikeda,0,JP,1553633593,36,34.82,135.43,18.89,5.7
153,Margate,0,AU,1553631637,22,-43.03,147.26,21.67,3.6
154,Sitka,0,US,1553603601,73,37.17,-99.65,12.22,4.02
155,Lillooet,20,CA,1553608632,69,50.69,-121.94,9.0,6.2
156,Souillac,0,FR,1553665971,63,45.6,-0.6,6.0,3.6
157,Mae Hong Son,8,MM,1553642806,44,19.3,97.96,27.0,1.0
158,Tororo,12,UG,1553658315,90,0.69,34.18,16.95,1.17
159,Russell,40,AR,1553683393,76,-33.01,-68.8,14.0,3.1
160,Saint George,75,GR,1553660617,71,39.45,22.34,12.0,3.1
161,Lokeren,0,BE,1553664708,87,51.1,3.99,8.0,1.5
162,Rawlins,1,US,1553605332,56,41.79,-107.24,8.0,3.6
163,Graham,1,US,1553598765,33,36.07,-79.4,6.67,2.6
164,Aljezur,32,PT,1553668127,56,37.31,-8.8,16.11,14.87
165,Kologriv,80,RU,1553654735,97,58.83,44.31,-0.21,2.27
166,Chisec,100,GT,1553601650,100,15.81,-90.29,18.15,0.27
167,Mangrol,0,IN,1553647871,42,25.33,76.51,27.0,1.77
168,Te Anau,8,NZ,1553626756,64,-45.41,167.72,11.3,4.92
169,Okitipupa,8,NG,1553665307,94,6.5,4.78,25.1,1.32
170,Lorengau,64,PG,1553631206,100,-2.02,147.27,27.85,4.17
171,Telma,0,RU,1553640757,42,52.7,103.72,-2.0,1.0
172,Constitucion,75,MX,1553605003,13,23.99,-104.67,23.0,6.2
173,Ponta do Sol,56,BR,1553677777,84,-20.63,-46.0,19.7,1.12
174,Kasongo,8,CD,1553660169,97,-4.43,26.67,20.85,1.07
175,Taree,75,AU,1553630253,41,-31.91,152.46,24.44,4.1
176,Campbell River,75,CA,1553609443,81,50.02,-125.24,9.0,1.0
177,Nikolskoye,0,RU,1553657929,85,59.7,30.79,-4.44,5.0
178,Kaitangata,32,NZ,1553626257,40,-46.28,169.85,16.11,7.15
179,Nioro,0,GM,1553669981,50,13.79,-15.05,20.9,3.47
180,Rincon,75,US,1553599268,81,32.3,-81.24,13.89,2.1
181,Leningradskiy,80,RU,1553621875,87,69.38,178.42,-0.41,8.62
182,Lommel,76,BE,1553664388,93,51.23,5.31,7.22,0.5
183,Yatou,40,CM,1553664132,100,3.63,9.81,26.0,1.0
184,Buchanan,40,LR,1553668872,94,5.88,-10.05,25.0,2.77
185,Cayenne,40,GF,1553679026,78,4.94,-52.33,26.0,2.6
186,Buala,88,SB,1553628308,87,-8.15,159.59,29.1,3.52
187,Palmer,1,US,1553614696,45,61.6,-149.11,8.0,0.92
188,Sept-Iles,5,CA,1553595333,43,50.2,-66.38,-11.67,4.1
189,Joshimath,0,IN,1553647058,82,30.57,79.57,-12.01,0.62
190,Upernavik,56,GL,1553677530,100,72.79,-56.15,-15.71,1.97
191,Puerto Ayacucho,8,CO,1553596318,79,5.66,-67.63,26.25,1.27
192,Sabinas Hidalgo,92,MX,1553603893,99,26.51,-100.18,17.55,2.42
193,Airai,32,TL,1553636518,84,-8.93,125.41,26.95,0.87
194,Bowen,90,AU,1553631142,66,-20.01,148.25,32.78,4.6
195,Moose Factory,90,CA,1553598712,74,51.26,-80.61,0.0,4.6
196,Atuona,12,PF,1553613593,100,-9.8,-139.03,28.1,6.12
197,Cockburn Town,88,TC,1553596992,100,21.46,-71.14,24.75,5.32
198,Verkhnyaya Tishanka,80,RU,1553655943,99,51.32,40.54,-0.46,2.32
199,La Rioja,92,AR,1553682883,96,-29.41,-66.86,14.7,1.77
200,Okato,92,NZ,1553625193,90,-39.19,173.88,20.0,7.15
201,Saint-Augustin,0,FR,1553665994,62,44.83,-0.61,6.11,3.1
202,Mangan,32,IN,1553644954,63,27.5,88.54,-1.41,0.87
203,Bilibino,80,RU,1553624872,80,68.06,166.44,-6.66,2.27
204,Hay River,75,CA,1553606759,80,60.82,-115.79,1.0,4.47
205,Vila Franca do Campo,20,PT,1553672105,71,37.72,-25.43,14.0,7.7
206,Lebu,0,ET,1553657135,77,8.96,38.73,10.8,2.22
207,Pomabamba,92,PE,1553598808,97,-8.82,-77.46,8.0,1.07
208,Salalah,40,OM,1553653355,83,17.01,54.1,25.0,1.5
209,Evensk,80,RU,1553627046,100,61.92,159.24,-7.11,4.92
210,Khuzhir,0,RU,1553639870,72,53.19,107.35,-3.81,2.02
211,Dingle,68,PH,1553636976,73,11.0,122.67,28.3,5.82
212,Yulara,0,AU,1553635337,21,-25.24,130.99,27.0,4.1
213,Oranjemund,0,ZA,1553662876,95,-28.55,16.43,15.45,1.02
214,Ourem,0,PT,1553668028,41,39.64,-8.59,16.67,4.6
215,Codrington,75,AU,1553630034,88,-28.95,153.24,22.0,5.7
216,Rocha,48,UY,1553679940,78,-34.48,-54.34,15.7,3.52
217,Richards Bay,88,ZA,1553659126,93,-28.77,32.06,19.8,0.97
218,Yeniseysk,20,RU,1553643291,85,58.45,92.17,-1.96,1.62
219,Portland,1,US,1553608946,50,45.52,-122.67,12.0,1.27
220,Bluff,92,AU,1553630980,46,-23.58,149.07,31.15,4.12
221,Itoman,40,JP,1553635590,53,26.12,127.67,23.0,5.7
222,Ambunti,20,PG,1553632295,68,-4.22,142.82,31.65,1.22
223,Mahebourg,75,MU,1553652882,94,-20.41,57.7,26.67,4.32
224,Ahipara,92,NZ,1553625319,71,-35.17,173.16,22.55,7.47
225,Ilo,8,PE,1553597416,97,-17.65,-71.34,15.05,1.42
226,Maple Creek,88,CA,1553605665,64,49.91,-109.46,6.45,3.87
227,Vilyuysk,0,RU,1553635937,60,63.75,121.63,-10.91,2.67
228,Lalsk,48,RU,1553653850,87,60.74,47.59,-2.51,3.42
229,Saint-Joseph,0,FR,1553664209,51,43.56,6.97,9.44,1.5
230,Tongliao,64,CN,1553636570,55,43.61,122.27,2.95,4.57
231,Dunedin,0,NZ,1553626095,55,-45.87,170.5,16.67,9.39
232,Honiara,48,SB,1553628231,92,-9.43,159.96,27.2,1.32
233,Ciudad Dario,20,NI,1553600683,61,12.73,-86.12,28.0,7.2
234,Rio Gallegos,0,AR,1553683788,71,-51.62,-69.22,10.0,1.0
235,Siteki,80,SZ,1553659127,84,-26.45,31.95,19.1,2.52
236,Clearwater,1,US,1553599705,77,27.97,-82.8,19.44,3.1
237,Ruse,0,BG,1553659652,94,43.85,25.95,5.56,1.77
238,Lavrentiya,88,RU,1553705849,95,65.58,-170.99,0.55,13.97
239,Barranca,0,PE,1553598897,99,-10.75,-77.76,19.95,3.57
240,Mahibadhoo,0,MV,1553648976,100,3.78,72.97,28.9,4.57
241,Qaqortoq,56,GL,1553676271,57,60.72,-46.03,-8.0,12.9
242,Gigmoto,64,PH,1553636532,93,13.78,124.39,27.35,6.42
243,Praia da Vitoria,40,PT,1553672478,82,38.73,-27.07,14.0,6.57
244,Victoria,75,BN,1553638819,66,5.28,115.24,31.0,2.1
245,Quibdo,36,CO,1553598484,94,5.69,-76.66,24.6,0.12
246,Port Moresby,40,PG,1553631303,62,-9.47,147.16,32.0,6.7
247,Aiquile,92,BO,1553595943,100,-18.2,-65.18,11.1,1.12
248,Lomovka,40,RU,1553651579,73,53.92,58.37,-4.0,4.0
249,Sigli,64,ID,1553643443,93,5.38,95.96,28.1,1.62
250,Mizdah,20,LY,1553663011,70,31.45,12.98,9.35,1.32
251,Thompson,90,CA,1553602692,74,55.74,-97.86,2.0,3.1
252,Vanimo,12,PG,1553632645,100,-2.67,141.3,27.85,5.62
253,Ugoofaaru,0,MV,1553648949,100,5.67,73.0,28.85,2.57
254,Hasaki,20,JP,1553632282,36,35.73,140.83,20.0,6.2
255,Kerema,32,PG,1553631620,75,-7.96,145.78,29.1,1.47
256,Correntina,92,BR,1553677371,95,-13.34,-44.63,20.95,2.17
257,Provideniya,75,RU,1553706480,86,64.42,-173.23,1.0,14.0
258,Olinda,75,EC,1553599297,83,-2.03,-79.75,26.11,4.6
259,Mandalgovi,0,MN,1553640353,72,45.76,106.27,-4.96,5.12
260,Bubaque,0,GW,1553670198,100,11.28,-15.83,25.05,6.57
261,Namibe,44,AO,1553663762,100,-15.19,12.15,24.75,2.17
262,Opuwo,76,NA,1553663386,86,-18.06,13.84,15.05,1.27
263,Ruidoso,40,US,1553605109,62,33.33,-105.67,21.0,6.2
264,Biak,68,ID,1553637048,85,-0.91,122.88,29.15,0.67
265,Arroio Grande,88,BR,1553679611,100,-32.24,-53.09,18.2,4.47
266,Stepnogorsk,0,KZ,1553648398,73,52.35,71.88,-3.46,2.22
267,Nizwa,48,OM,1553652456,63,22.93,57.53,16.6,1.62
268,Rawson,0,AR,1553682651,49,-43.3,-65.11,15.8,6.92
269,Boden,90,SE,1553659708,62,65.83,21.69,-4.0,1.5
270,Metro,36,ID,1553641305,99,-5.11,105.31,27.45,1.77
271,Bambanglipuro,32,ID,1553640140,94,-7.95,110.28,27.7,1.87
272,San-Pedro,12,CI,1553668066,92,4.75,-6.64,25.9,2.62
273,Nome,1,US,1553602462,55,30.04,-94.42,18.0,2.6
274,Clyde River,1,CA,1553594727,68,70.47,-68.59,-26.0,1.5
275,Kodiak,1,US,1553602377,43,39.95,-94.76,12.0,5.7
276,Kindu,76,CD,1553660334,97,-2.95,25.92,21.1,1.07
277,Tigil,80,RU,1553627392,86,57.8,158.67,-8.21,3.12
278,Capao da Canoa,76,BR,1553678842,100,-29.75,-50.01,22.2,4.77
279,Arona,0,IT,1553663772,64,45.76,8.56,7.78,3.1
280,Ostrovnoy,0,RU,1553655246,81,68.05,39.51,-8.21,5.97
281,Baykit,0,RU,1553642110,78,61.68,96.39,-4.56,1.52
282,Auki,0,NG,1553664828,30,12.18,6.51,19.1,4.32
283,Atar,0,MR,1553669416,70,20.52,-13.05,10.45,1.07
284,Snasa,92,NO,1553662058,94,64.25,12.38,2.45,4.32
285,Safranbolu,32,TR,1553658097,100,41.25,32.69,-2.06,0.77
286,Birao,32,CF,1553660947,48,10.3,22.78,21.95,2.37
287,Beringovskiy,48,RU,1553622170,90,63.05,179.32,-0.51,12.02
288,Belousovka,90,KZ,1553645921,100,50.13,82.52,-6.0,1.0
289,Sucre,92,BO,1553595969,100,-19.05,-65.26,8.85,1.22
290,Bonanza,8,NI,1553600310,60,14.03,-84.62,24.9,2.47
291,Wewak,8,PG,1553632094,96,-3.55,143.63,29.05,1.67
292,Puerto Madryn,0,AR,1553682626,74,-42.77,-65.04,16.95,9.62
293,Lagoa,0,PT,1553668046,48,37.14,-8.45,16.11,11.8
294,Sharjah,0,AE,1553652935,69,25.36,55.39,26.11,7.7
295,Sao Felix do Xingu,36,BR,1553679068,99,-6.64,-51.99,22.25,0.97
296,Vostok,76,RU,1553633250,61,46.45,135.83,-5.01,2.52
297,Howard Springs,75,AU,1553635198,66,-12.5,131.05,34.44,3.1
298,Katherine,40,AU,1553634927,49,-14.47,132.26,33.0,4.6
299,Nedumangad,20,IN,1553647958,62,8.61,77.0,31.0,2.1
300,Sovetskiy,88,RU,1553653835,97,56.76,48.47,0.25,6.17
301,Fairbanks,90,US,1553614161,75,64.84,-147.72,8.33,2.37
302,Antsohihy,12,MG,1553655157,98,-14.88,47.99,22.6,1.32
303,Carmen,12,PH,1553636505,35,7.2,124.8,34.35,0.52
304,Simao,8,CN,1553642083,54,22.76,100.79,25.3,1.27
305,Wentzville,1,US,1553601461,65,38.81,-90.85,7.78,2.42
306,Ossora,32,RU,1553626271,91,59.24,163.07,-7.06,4.47
307,Kapit,32,MY,1553639404,70,2.02,112.94,30.2,1.22
308,Salt,0,ES,1553665248,34,41.97,2.79,12.78,2.1
309,Vuktyl,88,RU,1553651329,76,63.86,57.31,-0.36,4.02
310,Saint-Philippe,1,CA,1553597160,53,45.36,-73.48,-2.22,3.6
311,Flinders,75,AU,1553630669,56,-34.58,150.85,22.78,3.1
312,Kruisfontein,32,ZA,1553660947,82,-34.0,24.73,14.9,4.77
313,Jawhar,0,IN,1553648730,52,19.91,73.23,26.55,2.12
314,Shush,0,RU,1553644067,54,55.6,89.45,1.4,3.57
315,Ambilobe,100,MG,1553654886,94,-13.19,49.05,23.9,0.87
316,Qiongshan,40,CN,1553639826,70,20.01,110.35,29.0,4.0
317,Klaksvik,64,FO,1553666736,75,62.23,-6.59,6.0,1.5
318,Ulaanbaatar,0,MN,1553640139,32,47.92,106.92,-4.0,3.0
319,Shingu,0,JP,1553633478,41,33.72,135.99,16.0,2.6
320,Kayan,40,MM,1553643171,58,16.91,96.56,30.0,3.1
321,Worland,1,US,1553605456,37,44.02,-107.96,12.0,4.6
322,Gat,0,SN,1553670328,88,14.69,-16.54,19.0,6.7
323,Zhangjiakou,0,CN,1553638405,66,40.77,114.88,7.8,2.77
324,Fagersta,0,SE,1553661506,74,60.0,15.79,0.0,2.6
325,Dubbo,0,AU,1553631183,36,-32.25,148.6,27.0,6.2
326,Luderitz,68,NA,1553663160,86,-26.65,15.16,15.6,3.67
327,Foki,80,RU,1553652430,89,56.69,54.35,1.45,5.42
328,Samdari,0,IN,1553648806,30,25.81,72.58,24.55,1.27
329,Gamba,20,CN,1553644947,88,28.28,88.52,-11.11,4.32
330,Sambava,0,MG,1553654628,100,-14.27,50.17,27.4,1.17
331,Kangaatsiaq,56,GL,1553677467,100,68.31,-53.46,-11.71,3.92
332,Guanica,8,PR,1553596018,85,17.97,-66.91,25.56,2.68
333,Bulri,36,PK,1553649839,35,24.87,68.33,25.7,2.57
334,Grand Gaube,75,MU,1553652887,94,-20.01,57.66,26.67,5.42
335,Fallon,1,US,1553604708,40,46.84,-105.12,11.0,2.1
336,Isangel,40,VU,1553626092,55,-19.55,169.27,32.0,3.1
337,Atasu,80,KZ,1553648572,97,48.68,71.64,4.45,4.07
338,Alice Springs,0,AU,1553634628,29,-23.7,133.88,26.0,6.2
339,Inyonga,92,TZ,1553658899,98,-6.72,32.06,17.05,1.57
340,Ginda,0,IN,1553647315,68,30.69,78.49,19.0,1.5
341,Touho,36,NC,1553627073,56,-20.78,165.23,28.55,3.07
342,Omsukchan,64,RU,1553627834,68,62.53,155.8,-14.96,6.12
343,Hinton,92,CA,1553607499,89,53.4,-117.57,-0.26,1.17
344,Aswan,8,EG,1553658347,66,24.09,32.9,9.1,1.47
345,Trat,40,TH,1553641798,70,12.25,102.51,32.22,2.1
346,Mount Gambier,90,AU,1553633126,67,-37.83,140.78,16.0,3.6
347,Urusha,24,RU,1553636114,39,54.05,122.9,-4.66,3.27
348,Mikhaylovka,0,RU,1553640851,54,52.96,103.29,-0.96,1.62
349,Oytal,88,KZ,1553648332,37,42.91,73.27,13.9,2.07
350,Drochia,32,MD,1553659095,85,48.03,27.81,0.1,5.82
351,Chunoyar,20,RU,1553642103,68,57.45,97.32,-0.11,1.52
352,Pindi Gheb,8,PK,1553648764,48,33.24,72.27,18.55,2.12
353,Todos Santos,90,MX,1553606343,43,23.45,-110.23,23.0,3.6
354,Vung Tau,8,VN,1553640723,84,10.35,107.08,29.45,8.47
355,Puerto Leguizamo,8,CO,1553598088,93,-0.19,-74.78,24.6,1.02
356,Kathmandu,75,NP,1553645723,71,27.71,85.32,14.0,1.5
357,Mecca,0,SA,1553656721,63,21.43,39.83,9.05,1.52
358,Coihaique,0,CL,1553684360,87,-45.58,-72.07,7.0,0.5
359,Sao Jose da Coroa Grande,64,BR,1553675050,97,-8.9,-35.15,25.75,1.87
360,Salvador,75,BR,1553675891,94,-12.98,-38.48,27.0,2.6
361,Mehamn,44,NO,1553657700,84,71.03,27.85,-6.56,2.92
362,Starobaltachevo,92,RU,1553652083,89,56.0,55.92,-0.06,7.52
363,Port-Gentil,44,GA,1553664424,98,-0.72,8.78,27.45,3.07
364,Inirida,0,CO,1553596404,91,3.87,-67.92,24.05,0.87
365,Lodja,56,CD,1553660897,98,-3.52,23.6,21.15,1.87
366,Yar-Sale,80,RU,1553647863,94,66.83,70.83,0.4,8.77
367,Muhos,0,FI,1553658756,85,64.81,26.0,-8.0,2.1
368,Mezhdurechensk,0,RU,1553644472,62,53.69,88.07,-1.06,1.37
369,Mizan Teferi,56,ET,1553657913,95,6.99,35.58,16.0,1.22
370,Preobrazheniye,56,RU,1553633797,39,42.9,133.91,0.5,1.87
371,Damietta,8,EG,1553658497,100,31.42,31.81,9.5,3.32
372,Mana,0,RS,1553661029,74,43.52,20.24,4.0,1.0
373,Vila do Maio,40,CV,1553671925,72,15.13,-23.22,19.0,3.6
374,Kavieng,32,PG,1553630364,100,-2.57,150.8,28.5,3.12
375,Byron Bay,90,AU,1553629939,78,-28.65,153.62,22.0,5.7
376,West Bay,5,GB,1553666339,90,50.71,-2.76,6.11,1.0
377,Necochea,0,AR,1553681051,88,-38.55,-58.74,11.11,2.47
378,Tura,0,IN,1553644582,88,25.52,90.21,21.2,1.17
379,Ust-Karsk,48,RU,1553637139,37,52.71,118.82,-5.46,1.87
380,Kahului,20,US,1553617465,54,20.89,-156.47,26.0,7.7
381,Iraquara,68,BR,1553676637,94,-12.24,-41.62,20.6,2.52
382,Kitoy,0,RU,1553640718,42,52.6,103.9,-1.0,1.0
383,Hutchinson,1,US,1553603173,76,38.06,-97.93,14.44,3.6
384,Tigzirt,80,DZ,1553665024,74,36.57,4.2,11.11,2.24
385,Port Hedland,8,AU,1553638267,62,-20.31,118.58,31.0,2.6
386,Aksu,90,KZ,1553647199,93,52.04,76.93,2.0,2.0
387,Kokorevka,0,RU,1553657402,85,52.59,34.27,-4.0,1.0
388,Linxia,76,CN,1553641304,53,35.6,103.21,4.3,1.57
389,Chagoda,92,RU,1553656870,94,59.16,35.33,-1.71,2.92
390,Teya,20,MX,1553601298,78,21.05,-89.07,24.44,3.1
391,Panzhihua,0,CN,1553641807,40,26.59,101.72,21.67,2.72
392,Cururupu,44,BR,1553677309,97,-1.82,-44.87,23.95,1.27
393,Kochki,80,RU,1553646264,90,54.33,80.49,-1.46,4.32
394,Rapid City,1,US,1553604321,59,44.08,-103.23,11.11,1.5
395,Geraldton,75,CA,1553600276,46,49.72,-86.95,-1.0,6.2
396,Zykovo,20,RU,1553655845,83,55.24,40.35,-3.89,1.32
397,Olga,1,US,1553608094,42,34.11,-118.17,17.22,3.1
398,Huntington,1,US,1553597245,29,40.87,-73.43,5.0,4.1
399,Healdsburg,90,US,1553609142,71,38.61,-122.87,14.0,3.1
400,Ternate,75,PH,1553637407,52,14.29,120.72,32.0,4.1
401,Ahuimanu,40,US,1553617787,61,21.44,-157.84,27.0,4.6
402,Bathsheba,40,BB,1553594297,74,13.22,-59.52,26.0,8.7
403,Batagay-Alyta,0,RU,1553633518,77,67.8,130.41,-12.76,1.22
404,Price,1,US,1553606231,49,39.6,-110.81,9.0,2.6
405,Kokkola,0,FI,1553659513,85,63.84,23.13,-3.33,3.1
406,Botwood,40,CA,1553678989,67,49.14,-55.34,-8.0,4.6
407,Raudeberg,92,NO,1553663942,93,61.99,5.14,5.56,2.1
408,Mogadouro,0,PT,1553667540,35,41.34,-6.71,6.45,6.17
409,Bandarbeyla,92,SO,1553654231,100,9.49,50.81,26.0,1.62
410,Balkanabat,92,TM,1553652940,97,39.51,54.36,7.15,1.32
411,Banda Aceh,24,ID,1553643595,75,5.56,95.32,29.9,1.17
412,Bridgetown,5,CA,1553681496,67,44.84,-65.29,-1.11,1.0
413,Maldonado,40,UY,1553680094,77,-34.91,-54.96,16.0,1.5
414,Kenai,1,US,1553615268,56,60.55,-151.26,6.11,3.1
415,Pahrump,1,US,1553607533,12,36.21,-115.98,20.0,1.32
416,Fort Worth,1,US,1553603119,58,32.75,-97.33,17.22,4.6
417,Hambantota,0,LK,1553646996,79,6.12,81.12,29.0,5.1
418,Alamosa,1,US,1553605087,24,37.47,-105.87,9.0,4.6
419,Kichera,44,RU,1553639107,75,55.93,110.1,-9.56,1.17
420,Uray,0,RU,1553649761,77,60.13,64.8,-0.16,4.22
421,Cap Malheureux,75,MU,1553652899,94,-19.98,57.61,26.67,5.42
422,Karasburg,0,NA,1553662313,59,-28.01,18.75,13.35,1.72
423,Lucapa,76,AO,1553661632,94,-8.42,20.74,19.6,1.22
424,Sabya,24,YE,1553656003,96,16.19,43.1,19.8,1.37
425,Khandbari,0,NP,1553645275,66,27.38,87.21,0.05,0.22
426,Mildura,0,AU,1553632751,25,-34.18,142.16,24.44,3.6
427,Zhigansk,0,RU,1553635294,53,66.77,123.37,-13.76,2.87
428,Colac,0,AU,1553632457,46,-38.34,143.59,22.22,0.45
429,Gisborne,44,NZ,1553624193,49,-38.66,178.02,24.44,3.13
430,Chunskiy,36,RU,1553641609,54,56.08,99.63,-2.06,1.02
431,Barstow,1,US,1553604592,56,31.46,-103.39,20.0,10.3
432,Dukat,12,RS,1553660558,74,42.44,22.31,1.67,0.87
433,Hualmay,8,PE,1553598864,92,-11.1,-77.61,18.2,1.77
434,Brenham,1,US,1553602935,72,30.17,-96.4,18.0,3.82
435,Rapid Valley,1,US,1553604302,59,44.06,-103.15,11.11,1.5
436,Verkhnevilyuysk,0,RU,1553636273,61,63.45,120.31,-9.86,2.12
437,Veraval,90,FR,1553665541,93,49.65,0.71,5.0,1.0
438,Bulgan,0,MN,1553640926,35,48.81,103.53,-4.21,1.87
439,Nein,56,IL,1553657627,85,32.63,35.35,11.67,1.07
440,Campos Belos,88,BR,1553677882,97,-13.04,-46.77,20.95,2.02
441,Thinadhoo,48,MV,1553649019,100,0.53,72.93,28.45,2.47
442,Nemuro,75,JP,1553630992,69,43.32,145.57,1.0,6.2
443,Coquimbo,90,CL,1553683965,93,-29.95,-71.34,13.0,2.1
444,Sinnamary,92,GF,1553679173,91,5.38,-52.96,26.9,5.27
445,Husavik,36,CA,1553602658,97,50.56,-96.99,1.67,3.58
446,Tamandare,44,BR,1553597193,89,-8.28,-70.75,25.2,2.07
447,Kawalu,48,ID,1553640631,82,-7.38,108.21,25.1,1.32
448,Anshun,0,CN,1553640802,53,26.25,105.93,24.7,4.37
449,Kailua,40,US,1553617764,61,21.39,-157.74,27.0,4.6
450,Alihe,0,CN,1553636033,36,50.57,123.73,-2.56,2.97
451,Basco,1,US,1553601516,45,40.33,-91.2,7.78,3.6
452,Amuntai,24,ID,1553638893,81,-2.42,115.25,29.15,1.32
453,Gerga,40,RU,1553654412,93,42.35,47.96,2.0,3.0
454,Laizhou,0,CN,1553637266,37,37.18,119.93,19.8,7.02
455,Salinopolis,80,BR,1553677894,100,-0.61,-47.36,26.3,3.77
456,Newport,0,GB,1553666367,80,51.59,-3.0,5.0,2.1
457,Nabire,56,ID,1553634043,86,-3.36,135.5,24.6,0.52
458,Maceio,20,BR,1553675200,88,-9.67,-35.74,24.0,2.1
459,Tutoia,48,BR,1553676695,100,-2.76,-42.27,23.75,1.17
460,Singaparna,48,ID,1553640655,82,-7.35,108.11,25.1,1.32
461,Mokolo,0,CM,1553663096,34,10.74,13.8,18.85,2.32
462,Dong Hoi,8,VN,1553640756,92,17.48,106.6,26.05,3.62
463,Nehe,0,CN,1553635819,49,48.48,124.88,0.65,2.97
464,San Martin,75,US,1553608868,77,37.08,-121.61,16.67,4.1
465,Okhotsk,48,RU,1553631015,69,59.36,143.24,-1.41,1.67
466,Hohhot,0,CN,1553639179,14,40.81,111.65,12.0,2.0
467,Horana,5,LK,1553647244,62,6.72,80.06,29.0,2.6
468,Coronado,0,PA,1553599234,69,8.53,-79.9,27.0,8.42
469,Praia,8,BR,1553677247,87,-20.25,-43.81,15.35,2.47
470,Walvis Bay,24,NA,1553663276,87,-22.95,14.51,16.11,2.1
471,Tynda,64,RU,1553635631,49,55.15,124.74,-7.96,2.72
472,Novikovo,68,UA,1553657558,100,45.05,34.56,4.65,2.42
473,Redmond,40,US,1553608760,43,47.67,-122.12,11.11,3.6
474,De-Kastri,20,RU,1553631921,95,51.48,140.77,-4.56,5.12
475,Hefei,0,CN,1553638010,45,31.82,117.22,18.0,5.0
476,Frutal,92,BR,1553678474,70,-20.02,-48.93,25.1,0.92
477,Kidal,36,ML,1553665975,28,18.44,1.41,24.7,5.02
478,Artyom,64,RU,1553634198,25,43.36,132.19,3.0,5.0
479,Anzhero-Sudzhensk,0,RU,1553644869,58,56.08,86.02,-1.0,1.0
480,Mombetsu,75,JP,1553631500,90,44.35,143.35,0.0,8.7
481,Pointe-Noire,40,CG,1553663729,100,-4.8,11.85,25.0,2.1
482,Ancud,0,CL,1553684723,76,-41.87,-73.83,10.0,3.1
483,Pingliang,88,CN,1553640473,71,35.54,106.68,10.7,2.02
484,Batemans Bay,0,AU,1553630843,58,-35.71,150.18,21.67,3.58
485,Uribia,0,CO,1553597371,76,11.71,-72.27,25.1,6.37
486,Solano,44,PH,1553637270,52,16.52,121.18,25.95,1.52
487,Kampong Thum,8,KH,1553641222,63,12.71,104.89,30.8,3.72
488,Ulladulla,75,AU,1553630767,56,-35.36,150.48,21.11,3.1
489,Ambon,0,FR,1553666387,86,47.55,-2.56,7.22,4.6
490,Killam,80,CA,1553606151,94,52.79,-111.86,-0.66,2.42
491,Agua Dulce,100,MX,1553602550,89,18.14,-94.15,24.05,7.12
492,Los Llanos de Aridane,56,ES,1553670466,72,28.66,-17.92,17.0,1.0
493,San Isidro,20,PH,1553637160,70,16.74,121.63,27.4,2.02
494,Bhum,0,IN,1553648163,52,18.47,75.67,25.6,1.87
495,Poyarkovo,0,RU,1553634883,30,49.62,128.65,-1.71,6.37
496,Victor Harbor,20,AU,1553633617,49,-35.55,138.62,24.44,5.7
497,Solginskiy,88,RU,1553655329,97,61.05,41.34,-1.41,1.62
498,Toshkivka,92,UA,1553656492,97,48.78,38.58,5.1,1.77
499,Mishelevka,0,RU,1553640883,54,52.86,103.17,-0.96,1.62
500,Puerto Escondido,0,MX,1553603276,96,15.86,-97.07,29.25,7.47
501,Takhtamygda,32,RU,1553635951,41,54.1,123.57,-5.16,3.12
502,Glodeni,75,MD,1553659177,86,47.77,27.5,1.11,4.1
503,Goure,0,NE,1553663905,19,13.98,10.27,22.3,4.82
504,Mocuba,12,MZ,1553657817,91,-16.84,36.99,20.3,1.32
505,Cookeville,1,US,1553600226,41,36.16,-85.5,7.0,3.1
506,Cheremukhovo,56,RU,1553654395,90,56.23,46.23,0.2,3.92
507,Svetlogorsk,40,RU,1553651421,73,53.14,59.15,-4.0,4.0
508,Anadyr,90,RU,1553622492,92,64.73,177.51,-1.0,16.0
509,Clyde,0,NZ,1553626369,71,-45.19,169.32,14.44,2.12
510,San Ramon,80,NI,1553600614,78,12.92,-85.84,20.0,2.68
511,Fukuma,40,JP,1553634800,28,33.77,130.47,21.11,2.6
512,Ust-Nera,24,RU,1553630708,62,64.57,143.24,-10.61,1.17
513,Katima Mulilo,0,NA,1553660874,54,-17.5,24.28,21.05,3.02
514,Nan,20,TH,1553642136,55,18.78,100.78,32.0,2.1
515,Wukari,0,NG,1553664093,56,7.87,9.78,23.6,1.97
516,Zaozerne,56,UA,1553659919,81,51.37,23.94,0.35,10.42
517,The Valley,20,AI,1553595092,74,18.22,-63.06,26.0,5.7
518,Sola,0,FI,1553658093,85,62.78,29.36,-7.22,2.6
519,Ballachulish,92,GB,1553666679,92,56.68,-5.13,8.89,1.34
520,Abnub,0,EG,1553658721,61,27.27,31.15,7.5,1.42
521,Guerrero Negro,56,MX,1553607197,92,27.97,-114.04,15.2,3.07
522,Soyo,20,AO,1553663618,96,-6.13,12.37,23.45,1.32
523,Mareeba,48,AU,1553631792,66,-16.99,145.42,32.22,3.6
524,Fort Nelson,40,CA,1553608511,52,58.81,-122.69,5.0,1.5
525,Luena,12,AO,1553661865,93,-11.78,19.91,16.7,1.17
526,Bathurst,0,AU,1553630961,48,-33.42,149.58,23.89,2.17
527,Jolalpan,0,MX,1553603676,20,18.32,-98.85,27.22,3.13
528,Tual,76,ID,1553634725,100,-5.67,132.75,28.25,4.47
529,General Roca,0,AR,1553683180,36,-39.03,-67.58,17.0,3.1
530,Griffith,0,AU,1553631816,23,-34.29,146.06,24.0,4.1
531,Haines Junction,0,CA,1553611964,52,60.75,-137.51,0.6,0.87
532,Kharp,44,RU,1553649068,90,66.82,65.8,-3.41,5.22
533,Helong,32,CN,1553638360,76,25.94,116.13,22.5,2.97
534,Riosucio,40,CO,1553598256,88,5.42,-75.7,22.0,2.1
535,Manokwari,88,ID,1553634360,100,-0.87,134.08,27.45,4.22
536,Teodoro Sampaio,0,BR,1553679278,70,-22.53,-52.17,22.9,3.12
537,Alekseyevka,40,RU,1553653492,93,53.25,50.49,2.0,3.0
538,Borogontsy,0,RU,1553633723,61,62.67,131.17,-12.46,1.97
539,Marrakesh,75,MA,1553668037,82,31.63,-7.99,14.0,1.0
540,Weligama,0,LK,1553647166,88,5.97,80.42,27.95,2.52
541,Payo,80,ID,1553641692,100,-3.75,103.64,25.7,1.37
542,Dashitou,80,CN,1553635084,59,43.3,128.5,-1.21,2.07
543,Huarmey,8,PE,1553598984,90,-10.07,-78.15,17.6,1.42
544,Boralday,75,KZ,1553647461,43,43.36,76.86,11.0,1.52
545,Savantvadi,40,IN,1553648638,79,15.9,73.82,29.0,2.1
546,Katobu,44,ID,1553637171,88,-4.94,122.53,29.55,1.37
